{
  "hash": "1a4cf164",
  "configHash": "dbb340c4",
  "lockfileHash": "8ec88d15",
  "browserHash": "322f237e",
  "optimized": {
    "@angular/cdk/bidi": {
      "src": "../../../../../../node_modules/@angular/cdk/fesm2022/bidi.mjs",
      "file": "@angular_cdk_bidi.js",
      "fileHash": "03a65323",
      "needsInterop": false
    },
    "@angular/cdk/scrolling": {
      "src": "../../../../../../node_modules/@angular/cdk/fesm2022/scrolling.mjs",
      "file": "@angular_cdk_scrolling.js",
      "fileHash": "6ddc2313",
      "needsInterop": false
    },
    "@angular/cdk/text-field": {
      "src": "../../../../../../node_modules/@angular/cdk/fesm2022/text-field.mjs",
      "file": "@angular_cdk_text-field.js",
      "fileHash": "9c357ab4",
      "needsInterop": false
    },
    "@angular/common": {
      "src": "../../../../../../node_modules/@angular/common/fesm2022/common.mjs",
      "file": "@angular_common.js",
      "fileHash": "af43edaf",
      "needsInterop": false
    },
    "@angular/common/http": {
      "src": "../../../../../../node_modules/@angular/common/fesm2022/http.mjs",
      "file": "@angular_common_http.js",
      "fileHash": "b89679d4",
      "needsInterop": false
    },
    "@angular/core": {
      "src": "../../../../../../node_modules/@angular/core/fesm2022/core.mjs",
      "file": "@angular_core.js",
      "fileHash": "44c8267a",
      "needsInterop": false
    },
    "@angular/forms": {
      "src": "../../../../../../node_modules/@angular/forms/fesm2022/forms.mjs",
      "file": "@angular_forms.js",
      "fileHash": "d2368b86",
      "needsInterop": false
    },
    "@angular/material/button": {
      "src": "../../../../../../node_modules/@angular/material/fesm2022/button.mjs",
      "file": "@angular_material_button.js",
      "fileHash": "50f2f9bb",
      "needsInterop": false
    },
    "@angular/material/card": {
      "src": "../../../../../../node_modules/@angular/material/fesm2022/card.mjs",
      "file": "@angular_material_card.js",
      "fileHash": "6c62e79a",
      "needsInterop": false
    },
    "@angular/material/checkbox": {
      "src": "../../../../../../node_modules/@angular/material/fesm2022/checkbox.mjs",
      "file": "@angular_material_checkbox.js",
      "fileHash": "b90bc000",
      "needsInterop": false
    },
    "@angular/material/core": {
      "src": "../../../../../../node_modules/@angular/material/fesm2022/core.mjs",
      "file": "@angular_material_core.js",
      "fileHash": "ac2b9268",
      "needsInterop": false
    },
    "@angular/material/datepicker": {
      "src": "../../../../../../node_modules/@angular/material/fesm2022/datepicker.mjs",
      "file": "@angular_material_datepicker.js",
      "fileHash": "7c7dc8b3",
      "needsInterop": false
    },
    "@angular/material/dialog": {
      "src": "../../../../../../node_modules/@angular/material/fesm2022/dialog.mjs",
      "file": "@angular_material_dialog.js",
      "fileHash": "79d33de4",
      "needsInterop": false
    },
    "@angular/material/divider": {
      "src": "../../../../../../node_modules/@angular/material/fesm2022/divider.mjs",
      "file": "@angular_material_divider.js",
      "fileHash": "b6308f90",
      "needsInterop": false
    },
    "@angular/material/form-field": {
      "src": "../../../../../../node_modules/@angular/material/fesm2022/form-field.mjs",
      "file": "@angular_material_form-field.js",
      "fileHash": "1b1e0329",
      "needsInterop": false
    },
    "@angular/material/grid-list": {
      "src": "../../../../../../node_modules/@angular/material/fesm2022/grid-list.mjs",
      "file": "@angular_material_grid-list.js",
      "fileHash": "de448003",
      "needsInterop": false
    },
    "@angular/material/icon": {
      "src": "../../../../../../node_modules/@angular/material/fesm2022/icon.mjs",
      "file": "@angular_material_icon.js",
      "fileHash": "03110be5",
      "needsInterop": false
    },
    "@angular/material/input": {
      "src": "../../../../../../node_modules/@angular/material/fesm2022/input.mjs",
      "file": "@angular_material_input.js",
      "fileHash": "1c929340",
      "needsInterop": false
    },
    "@angular/material/list": {
      "src": "../../../../../../node_modules/@angular/material/fesm2022/list.mjs",
      "file": "@angular_material_list.js",
      "fileHash": "b72a5a85",
      "needsInterop": false
    },
    "@angular/material/select": {
      "src": "../../../../../../node_modules/@angular/material/fesm2022/select.mjs",
      "file": "@angular_material_select.js",
      "fileHash": "85f70a4d",
      "needsInterop": false
    },
    "@angular/material/sidenav": {
      "src": "../../../../../../node_modules/@angular/material/fesm2022/sidenav.mjs",
      "file": "@angular_material_sidenav.js",
      "fileHash": "d6f7e4d1",
      "needsInterop": false
    },
    "@angular/material/table": {
      "src": "../../../../../../node_modules/@angular/material/fesm2022/table.mjs",
      "file": "@angular_material_table.js",
      "fileHash": "4e17c27d",
      "needsInterop": false
    },
    "@angular/material/toolbar": {
      "src": "../../../../../../node_modules/@angular/material/fesm2022/toolbar.mjs",
      "file": "@angular_material_toolbar.js",
      "fileHash": "451d9524",
      "needsInterop": false
    },
    "@angular/material/tooltip": {
      "src": "../../../../../../node_modules/@angular/material/fesm2022/tooltip.mjs",
      "file": "@angular_material_tooltip.js",
      "fileHash": "ea2dfde0",
      "needsInterop": false
    },
    "@angular/platform-browser": {
      "src": "../../../../../../node_modules/@angular/platform-browser/fesm2022/platform-browser.mjs",
      "file": "@angular_platform-browser.js",
      "fileHash": "e8acb9a8",
      "needsInterop": false
    },
    "@angular/platform-browser/animations/async": {
      "src": "../../../../../../node_modules/@angular/platform-browser/fesm2022/animations/async.mjs",
      "file": "@angular_platform-browser_animations_async.js",
      "fileHash": "ff2bfad1",
      "needsInterop": false
    },
    "@angular/router": {
      "src": "../../../../../../node_modules/@angular/router/fesm2022/router.mjs",
      "file": "@angular_router.js",
      "fileHash": "cbe117a6",
      "needsInterop": false
    },
    "rxjs": {
      "src": "../../../../../../node_modules/rxjs/dist/esm5/index.js",
      "file": "rxjs.js",
      "fileHash": "9d5e8dc7",
      "needsInterop": false
    }
  },
  "chunks": {
    "platform-browser-ZVZDBAZE": {
      "file": "platform-browser-ZVZDBAZE.js"
    },
    "chunk-IXZP6TFP": {
      "file": "chunk-IXZP6TFP.js"
    },
    "chunk-C4DHVO5O": {
      "file": "chunk-C4DHVO5O.js"
    },
    "chunk-OIBNGD5S": {
      "file": "chunk-OIBNGD5S.js"
    },
    "chunk-XQY3X3I6": {
      "file": "chunk-XQY3X3I6.js"
    },
    "chunk-M2L66JDX": {
      "file": "chunk-M2L66JDX.js"
    },
    "chunk-IZ7MX5V2": {
      "file": "chunk-IZ7MX5V2.js"
    },
    "chunk-E6I7H2EO": {
      "file": "chunk-E6I7H2EO.js"
    },
    "chunk-HKRRR76D": {
      "file": "chunk-HKRRR76D.js"
    },
    "chunk-PAHU65YX": {
      "file": "chunk-PAHU65YX.js"
    },
    "chunk-SZS4RJEH": {
      "file": "chunk-SZS4RJEH.js"
    },
    "chunk-RJ7BUKXE": {
      "file": "chunk-RJ7BUKXE.js"
    },
    "chunk-OIZAD6NR": {
      "file": "chunk-OIZAD6NR.js"
    },
    "chunk-32HUP5FE": {
      "file": "chunk-32HUP5FE.js"
    },
    "chunk-SQF7JFET": {
      "file": "chunk-SQF7JFET.js"
    },
    "chunk-ZHD4FYSQ": {
      "file": "chunk-ZHD4FYSQ.js"
    },
    "chunk-ZD4ZC6VX": {
      "file": "chunk-ZD4ZC6VX.js"
    },
    "chunk-UDU42JBG": {
      "file": "chunk-UDU42JBG.js"
    },
    "chunk-F6II6K2O": {
      "file": "chunk-F6II6K2O.js"
    },
    "chunk-Y7RZYMFG": {
      "file": "chunk-Y7RZYMFG.js"
    },
    "chunk-454ZGNKD": {
      "file": "chunk-454ZGNKD.js"
    },
    "chunk-73TLDVRR": {
      "file": "chunk-73TLDVRR.js"
    },
    "chunk-GP7JBW37": {
      "file": "chunk-GP7JBW37.js"
    },
    "chunk-SRZXWKRB": {
      "file": "chunk-SRZXWKRB.js"
    },
    "chunk-SQM6I46I": {
      "file": "chunk-SQM6I46I.js"
    },
    "chunk-HDPJQDFA": {
      "file": "chunk-HDPJQDFA.js"
    },
    "chunk-3HJWJJAE": {
      "file": "chunk-3HJWJJAE.js"
    },
    "chunk-UU5Z7QKS": {
      "file": "chunk-UU5Z7QKS.js"
    },
    "chunk-BKGN3QIE": {
      "file": "chunk-BKGN3QIE.js"
    },
    "chunk-65RJ5ZZ2": {
      "file": "chunk-65RJ5ZZ2.js"
    },
    "chunk-DKBV3HU5": {
      "file": "chunk-DKBV3HU5.js"
    },
    "chunk-M3HR6BUY": {
      "file": "chunk-M3HR6BUY.js"
    },
    "chunk-H5HPXNXS": {
      "file": "chunk-H5HPXNXS.js"
    },
    "chunk-FC7CZYYG": {
      "file": "chunk-FC7CZYYG.js"
    },
    "chunk-VEE34BE5": {
      "file": "chunk-VEE34BE5.js"
    },
    "chunk-BKVBCEXS": {
      "file": "chunk-BKVBCEXS.js"
    },
    "chunk-WNVI4JOA": {
      "file": "chunk-WNVI4JOA.js"
    },
    "chunk-56PPHEMJ": {
      "file": "chunk-56PPHEMJ.js"
    },
    "chunk-S35MAB2V": {
      "file": "chunk-S35MAB2V.js"
    }
  }
}